destination,userId
queue_1,1
queue_2,2
queue_3,3
queue_4,4
queue_5,5
queue_6,6
queue_7,7
queue_8,8
queue_9,9
queue_10,10
queue_11,11
queue_12,12
queue_13,13
queue_14,14
queue_15,15
queue_16,16
queue_17,17
queue_18,18
queue_19,19
queue_20,20
queue_21,21
queue_22,22
queue_23,23
queue_24,24
queue_25,25
queue_26,26
queue_27,27
queue_28,28
queue_29,29
queue_30,30
queue_31,31
queue_32,32
queue_33,33
queue_34,34
queue_35,35
queue_36,36
queue_37,37
queue_38,38
queue_39,39
queue_40,40
queue_41,41
queue_42,42
queue_43,43
queue_44,44
queue_45,45
queue_46,46
queue_47,47
queue_48,48
queue_49,49
queue_50,50
queue_51,51
queue_52,52
queue_53,53
queue_54,54
queue_55,55
queue_56,56
queue_57,57
queue_58,58
queue_59,59
queue_60,60
queue_61,61
queue_62,62
queue_63,63
queue_64,64
queue_65,65
queue_66,66
queue_67,67
queue_68,68
queue_69,69
queue_70,70
queue_71,71
queue_72,72
queue_73,73
queue_74,74
queue_75,75
queue_76,76
queue_77,77
queue_78,78
queue_79,79
queue_80,80
queue_81,81
queue_82,82
queue_83,83
queue_84,84
queue_85,85
queue_86,86
queue_87,87
queue_88,88
queue_89,89
queue_90,90
queue_91,91
queue_92,92
queue_93,93
queue_94,94
queue_95,95
queue_96,96
queue_97,97
queue_98,98
queue_99,99
queue_100,100
queue_101,101
queue_102,102
queue_103,103
queue_104,104
queue_105,105
queue_106,106
queue_107,107
queue_108,108
queue_109,109
queue_110,110
queue_111,111
queue_112,112
queue_113,113
queue_114,114
queue_115,115
queue_116,116
queue_117,117
queue_118,118
queue_119,119
queue_120,120
queue_121,121
queue_122,122
queue_123,123
queue_124,124
queue_125,125
queue_126,126
queue_127,127
queue_128,128
queue_129,129
queue_130,130
queue_131,131
queue_132,132
queue_133,133
queue_134,134
queue_135,135
queue_136,136
queue_137,137
queue_138,138
queue_139,139
queue_140,140
queue_141,141
queue_142,142
queue_143,143
queue_144,144
queue_145,145
queue_146,146
queue_147,147
queue_148,148
queue_149,149
queue_150,150
queue_151,151
queue_152,152
queue_153,153
queue_154,154
queue_155,155
queue_156,156
queue_157,157
queue_158,158
queue_159,159
queue_160,160
queue_161,161
queue_162,162
queue_163,163
queue_164,164
queue_165,165
queue_166,166
queue_167,167
queue_168,168
queue_169,169
queue_170,170
queue_171,171
queue_172,172
queue_173,173
queue_174,174
queue_175,175
queue_176,176
queue_177,177
queue_178,178
queue_179,179
queue_180,180
queue_181,181
queue_182,182
queue_183,183
queue_184,184
queue_185,185
queue_186,186
queue_187,187
queue_188,188
queue_189,189
queue_190,190
queue_191,191
queue_192,192
queue_193,193
queue_194,194
queue_195,195
queue_196,196
queue_197,197
queue_198,198
queue_199,199
queue_200,200
queue_201,201
queue_202,202
queue_203,203
queue_204,204
queue_205,205
queue_206,206
queue_207,207
queue_208,208
queue_209,209
queue_210,210
queue_211,211
queue_212,212
queue_213,213
queue_214,214
queue_215,215
queue_216,216
queue_217,217
queue_218,218
queue_219,219
queue_220,220
queue_221,221
queue_222,222
queue_223,223
queue_224,224
queue_225,225
queue_226,226
queue_227,227
queue_228,228
queue_229,229
queue_230,230
queue_231,231
queue_232,232
queue_233,233
queue_234,234
queue_235,235
queue_236,236
queue_237,237
queue_238,238
queue_239,239
queue_240,240
queue_241,241
queue_242,242
queue_243,243
queue_244,244
queue_245,245
queue_246,246
queue_247,247
queue_248,248
queue_249,249
queue_250,250
queue_251,251
queue_252,252
queue_253,253
queue_254,254
queue_255,255
queue_256,256
queue_257,257
queue_258,258
queue_259,259
queue_260,260
queue_261,261
queue_262,262
queue_263,263
queue_264,264
queue_265,265
queue_266,266
queue_267,267
queue_268,268
queue_269,269
queue_270,270
queue_271,271
queue_272,272
queue_273,273
queue_274,274
queue_275,275
queue_276,276
queue_277,277
queue_278,278
queue_279,279
queue_280,280
queue_281,281
queue_282,282
queue_283,283
queue_284,284
queue_285,285
queue_286,286
queue_287,287
queue_288,288
queue_289,289
queue_290,290
queue_291,291
queue_292,292
queue_293,293
queue_294,294
queue_295,295
queue_296,296
queue_297,297
queue_298,298
queue_299,299
queue_300,300
queue_301,301
queue_302,302
queue_303,303
queue_304,304
queue_305,305
queue_306,306
queue_307,307
queue_308,308
queue_309,309
queue_310,310
queue_311,311
queue_312,312
queue_313,313
queue_314,314
queue_315,315
queue_316,316
queue_317,317
queue_318,318
queue_319,319
queue_320,320
queue_321,321
queue_322,322
queue_323,323
queue_324,324
queue_325,325
queue_326,326
queue_327,327
queue_328,328
queue_329,329
queue_330,330
queue_331,331
queue_332,332
queue_333,333
queue_334,334
queue_335,335
queue_336,336
queue_337,337
queue_338,338
queue_339,339
queue_340,340
queue_341,341
queue_342,342
queue_343,343
queue_344,344
queue_345,345
queue_346,346
queue_347,347
queue_348,348
queue_349,349
queue_350,350
queue_351,351
queue_352,352
queue_353,353
queue_354,354
queue_355,355
queue_356,356
queue_357,357
queue_358,358
queue_359,359
queue_360,360
queue_361,361
queue_362,362
queue_363,363
queue_364,364
queue_365,365
queue_366,366
queue_367,367
queue_368,368
queue_369,369
queue_370,370
queue_371,371
queue_372,372
queue_373,373
queue_374,374
queue_375,375
queue_376,376
queue_377,377
queue_378,378
queue_379,379
queue_380,380
queue_381,381
queue_382,382
queue_383,383
queue_384,384
queue_385,385
queue_386,386
queue_387,387
queue_388,388
queue_389,389
queue_390,390
queue_391,391
queue_392,392
queue_393,393
queue_394,394
queue_395,395
queue_396,396
queue_397,397
queue_398,398
queue_399,399
queue_400,400
queue_401,401
queue_402,402
queue_403,403
queue_404,404
queue_405,405
queue_406,406
queue_407,407
queue_408,408
queue_409,409
queue_410,410
queue_411,411
queue_412,412
queue_413,413
queue_414,414
queue_415,415
queue_416,416
queue_417,417
queue_418,418
queue_419,419
queue_420,420
queue_421,421
queue_422,422
queue_423,423
queue_424,424
queue_425,425
queue_426,426
queue_427,427
queue_428,428
queue_429,429
queue_430,430
queue_431,431
queue_432,432
queue_433,433
queue_434,434
queue_435,435
queue_436,436
queue_437,437
queue_438,438
queue_439,439
queue_440,440
queue_441,441
queue_442,442
queue_443,443
queue_444,444
queue_445,445
queue_446,446
queue_447,447
queue_448,448
queue_449,449
queue_450,450
queue_451,451
queue_452,452
queue_453,453
queue_454,454
queue_455,455
queue_456,456
queue_457,457
queue_458,458
queue_459,459
queue_460,460
queue_461,461
queue_462,462
queue_463,463
queue_464,464
queue_465,465
queue_466,466
queue_467,467
queue_468,468
queue_469,469
queue_470,470
queue_471,471
queue_472,472
queue_473,473
queue_474,474
queue_475,475
queue_476,476
queue_477,477
queue_478,478
queue_479,479
queue_480,480
queue_481,481
queue_482,482
queue_483,483
queue_484,484
queue_485,485
queue_486,486
queue_487,487
queue_488,488
queue_489,489
queue_490,490
queue_491,491
queue_492,492
queue_493,493
queue_494,494
queue_495,495
queue_496,496
queue_497,497
queue_498,498
queue_499,499
queue_500,500
queue_501,501
queue_502,502
queue_503,503
queue_504,504
queue_505,505
queue_506,506
queue_507,507
queue_508,508
queue_509,509
queue_510,510
queue_511,511
queue_512,512
queue_513,513
queue_514,514
queue_515,515
queue_516,516
queue_517,517
queue_518,518
queue_519,519
queue_520,520
queue_521,521
queue_522,522
queue_523,523
queue_524,524
queue_525,525
queue_526,526
queue_527,527
queue_528,528
queue_529,529
queue_530,530
queue_531,531
queue_532,532
queue_533,533
queue_534,534
queue_535,535
queue_536,536
queue_537,537
queue_538,538
queue_539,539
queue_540,540
queue_541,541
queue_542,542
queue_543,543
queue_544,544
queue_545,545
queue_546,546
queue_547,547
queue_548,548
queue_549,549
queue_550,550
queue_551,551
queue_552,552
queue_553,553
queue_554,554
queue_555,555
queue_556,556
queue_557,557
queue_558,558
queue_559,559
queue_560,560
queue_561,561
queue_562,562
queue_563,563
queue_564,564
queue_565,565
queue_566,566
queue_567,567
queue_568,568
queue_569,569
queue_570,570
queue_571,571
queue_572,572
queue_573,573
queue_574,574
queue_575,575
queue_576,576
queue_577,577
queue_578,578
queue_579,579
queue_580,580
queue_581,581
queue_582,582
queue_583,583
queue_584,584
queue_585,585
queue_586,586
queue_587,587
queue_588,588
queue_589,589
queue_590,590
queue_591,591
queue_592,592
queue_593,593
queue_594,594
queue_595,595
queue_596,596
queue_597,597
queue_598,598
queue_599,599
queue_600,600
queue_601,601
queue_602,602
queue_603,603
queue_604,604
queue_605,605
queue_606,606
queue_607,607
queue_608,608
queue_609,609
queue_610,610
queue_611,611
queue_612,612
queue_613,613
queue_614,614
queue_615,615
queue_616,616
queue_617,617
queue_618,618
queue_619,619
queue_620,620
queue_621,621
queue_622,622
queue_623,623
queue_624,624
queue_625,625
queue_626,626
queue_627,627
queue_628,628
queue_629,629
queue_630,630
queue_631,631
queue_632,632
queue_633,633
queue_634,634
queue_635,635
queue_636,636
queue_637,637
queue_638,638
queue_639,639
queue_640,640
queue_641,641
queue_642,642
queue_643,643
queue_644,644
queue_645,645
queue_646,646
queue_647,647
queue_648,648
queue_649,649
queue_650,650
queue_651,651
queue_652,652
queue_653,653
queue_654,654
queue_655,655
queue_656,656
queue_657,657
queue_658,658
queue_659,659
queue_660,660
queue_661,661
queue_662,662
queue_663,663
queue_664,664
queue_665,665
queue_666,666
queue_667,667
queue_668,668
queue_669,669
queue_670,670
queue_671,671
queue_672,672
queue_673,673
queue_674,674
queue_675,675
queue_676,676
queue_677,677
queue_678,678
queue_679,679
queue_680,680
queue_681,681
queue_682,682
queue_683,683
queue_684,684
queue_685,685
queue_686,686
queue_687,687
queue_688,688
queue_689,689
queue_690,690
queue_691,691
queue_692,692
queue_693,693
queue_694,694
queue_695,695
queue_696,696
queue_697,697
queue_698,698
queue_699,699
queue_700,700
queue_701,701
queue_702,702
queue_703,703
queue_704,704
queue_705,705
queue_706,706
queue_707,707
queue_708,708
queue_709,709
queue_710,710
queue_711,711
queue_712,712
queue_713,713
queue_714,714
queue_715,715
queue_716,716
queue_717,717
queue_718,718
queue_719,719
queue_720,720
queue_721,721
queue_722,722
queue_723,723
queue_724,724
queue_725,725
queue_726,726
queue_727,727
queue_728,728
queue_729,729
queue_730,730
queue_731,731
queue_732,732
queue_733,733
queue_734,734
queue_735,735
queue_736,736
queue_737,737
queue_738,738
queue_739,739
queue_740,740
queue_741,741
queue_742,742
queue_743,743
queue_744,744
queue_745,745
queue_746,746
queue_747,747
queue_748,748
queue_749,749
queue_750,750
queue_751,751
queue_752,752
queue_753,753
queue_754,754
queue_755,755
queue_756,756
queue_757,757
queue_758,758
queue_759,759
queue_760,760
queue_761,761
queue_762,762
queue_763,763
queue_764,764
queue_765,765
queue_766,766
queue_767,767
queue_768,768
queue_769,769
queue_770,770
queue_771,771
queue_772,772
queue_773,773
queue_774,774
queue_775,775
queue_776,776
queue_777,777
queue_778,778
queue_779,779
queue_780,780
queue_781,781
queue_782,782
queue_783,783
queue_784,784
queue_785,785
queue_786,786
queue_787,787
queue_788,788
queue_789,789
queue_790,790
queue_791,791
queue_792,792
queue_793,793
queue_794,794
queue_795,795
queue_796,796
queue_797,797
queue_798,798
queue_799,799
queue_800,800
queue_801,801
queue_802,802
queue_803,803
queue_804,804
queue_805,805
queue_806,806
queue_807,807
queue_808,808
queue_809,809
queue_810,810
queue_811,811
queue_812,812
queue_813,813
queue_814,814
queue_815,815
queue_816,816
queue_817,817
queue_818,818
queue_819,819
queue_820,820
queue_821,821
queue_822,822
queue_823,823
queue_824,824
queue_825,825
queue_826,826
queue_827,827
queue_828,828
queue_829,829
queue_830,830
queue_831,831
queue_832,832
queue_833,833
queue_834,834
queue_835,835
queue_836,836
queue_837,837
queue_838,838
queue_839,839
queue_840,840
queue_841,841
queue_842,842
queue_843,843
queue_844,844
queue_845,845
queue_846,846
queue_847,847
queue_848,848
queue_849,849
queue_850,850
queue_851,851
queue_852,852
queue_853,853
queue_854,854
queue_855,855
queue_856,856
queue_857,857
queue_858,858
queue_859,859
queue_860,860
queue_861,861
queue_862,862
queue_863,863
queue_864,864
queue_865,865
queue_866,866
queue_867,867
queue_868,868
queue_869,869
queue_870,870
queue_871,871
queue_872,872
queue_873,873
queue_874,874
queue_875,875
queue_876,876
queue_877,877
queue_878,878
queue_879,879
queue_880,880
queue_881,881
queue_882,882
queue_883,883
queue_884,884
queue_885,885
queue_886,886
queue_887,887
queue_888,888
queue_889,889
queue_890,890
queue_891,891
queue_892,892
queue_893,893
queue_894,894
queue_895,895
queue_896,896
queue_897,897
queue_898,898
queue_899,899
queue_900,900
queue_901,901
queue_902,902
queue_903,903
queue_904,904
queue_905,905
queue_906,906
queue_907,907
queue_1,908
queue_2,909
queue_3,910
queue_4,911
queue_5,912
queue_6,913
queue_7,914
queue_8,915
queue_9,916
queue_10,917
queue_11,918
queue_12,919
queue_13,920
queue_14,921
queue_15,922
queue_16,923
queue_17,924
queue_18,925
queue_19,926
queue_20,927
queue_21,928
queue_22,929
queue_23,930
queue_24,931
queue_25,932
queue_26,933
queue_27,934
queue_28,935
queue_29,936
queue_30,937
queue_31,938
queue_32,939
queue_33,940
queue_34,941
queue_35,942
queue_36,943
queue_37,944
queue_38,945
queue_39,946
queue_40,947
queue_41,948
queue_42,949
queue_43,950
queue_44,951
queue_45,952
queue_46,953
queue_47,954
queue_48,955
queue_49,956
queue_50,957
queue_51,958
queue_52,959
queue_53,960
queue_54,961
queue_55,962
queue_56,963
queue_57,964
queue_58,965
queue_59,966
queue_60,967
queue_61,968
queue_62,969
queue_63,970
queue_64,971
queue_65,972
queue_66,973
queue_67,974
queue_68,975
queue_69,976
queue_70,977
queue_71,978
queue_72,979
queue_73,980
queue_74,981
queue_75,982
queue_76,983
queue_77,984
queue_78,985
queue_79,986
queue_80,987
queue_81,988
queue_82,989
queue_83,990
queue_84,991
queue_85,992
queue_86,993
queue_87,994
queue_88,995
queue_89,996
queue_90,997
queue_91,998
queue_92,999
queue_93,1000
queue_94,1001
queue_95,1002
queue_96,1003
queue_97,1004
queue_98,1005
queue_99,1006
queue_100,1007
queue_101,1008
queue_102,1009
queue_103,1010
queue_104,1011
queue_105,1012
queue_106,1013
queue_107,1014
queue_108,1015
queue_109,1016
queue_110,1017
queue_111,1018
queue_112,1019
queue_113,1020
queue_114,1021
queue_115,1022
queue_116,1023
queue_117,1024
queue_118,1025
queue_119,1026
queue_120,1027
queue_121,1028
queue_122,1029
queue_123,1030
queue_124,1031
queue_125,1032
queue_126,1033
queue_127,1034
queue_128,1035
queue_129,1036
queue_130,1037
queue_131,1038
queue_132,1039
queue_133,1040
queue_134,1041
queue_135,1042
queue_136,1043
queue_137,1044
queue_138,1045
queue_139,1046
queue_140,1047
queue_141,1048
queue_142,1049
queue_143,1050
queue_144,1051
queue_145,1052
queue_146,1053
queue_147,1054
queue_148,1055
queue_149,1056
queue_150,1057
queue_151,1058
queue_152,1059
queue_153,1060
queue_154,1061
queue_155,1062
queue_156,1063
queue_157,1064
queue_158,1065
queue_159,1066
queue_160,1067
queue_161,1068
queue_162,1069
queue_163,1070
queue_164,1071
queue_165,1072
queue_166,1073
queue_167,1074
queue_168,1075
queue_169,1076
queue_170,1077
queue_171,1078
queue_172,1079
queue_173,1080
queue_174,1081
queue_175,1082
queue_176,1083
queue_177,1084
queue_178,1085
queue_179,1086
queue_180,1087
queue_181,1088
queue_182,1089
queue_183,1090
queue_184,1091
queue_185,1092
queue_186,1093
queue_187,1094
queue_188,1095
queue_189,1096
queue_190,1097
queue_191,1098
queue_192,1099
queue_193,1100
queue_194,1101
queue_195,1102
queue_196,1103
queue_197,1104
queue_198,1105
queue_199,1106
queue_200,1107
queue_201,1108
queue_202,1109
queue_203,1110
queue_204,1111
queue_205,1112
queue_206,1113
queue_207,1114
queue_208,1115
queue_209,1116
queue_210,1117
queue_211,1118
queue_212,1119
queue_213,1120
queue_214,1121
queue_215,1122
queue_216,1123
queue_217,1124
queue_218,1125
queue_219,1126
queue_220,1127
queue_221,1128
queue_222,1129
queue_223,1130
queue_224,1131
queue_225,1132
queue_226,1133
queue_227,1134
queue_228,1135
queue_229,1136
queue_230,1137
queue_231,1138
queue_232,1139
queue_233,1140
queue_234,1141
queue_235,1142
queue_236,1143
queue_237,1144
queue_238,1145
queue_239,1146
queue_240,1147
queue_241,1148
queue_242,1149
queue_243,1150
queue_244,1151
queue_245,1152
queue_246,1153
queue_247,1154
queue_248,1155
queue_249,1156
queue_250,1157
queue_251,1158
queue_252,1159
queue_253,1160
queue_254,1161
queue_255,1162
queue_256,1163
queue_257,1164
queue_258,1165
queue_259,1166
queue_260,1167
queue_261,1168
queue_262,1169
queue_263,1170
queue_264,1171
queue_265,1172
queue_266,1173
queue_267,1174
queue_268,1175
queue_269,1176
queue_270,1177
queue_271,1178
queue_272,1179
queue_273,1180
queue_274,1181
queue_275,1182
queue_276,1183
queue_277,1184
queue_278,1185
queue_279,1186
queue_280,1187
queue_281,1188
queue_282,1189
queue_283,1190
queue_284,1191
queue_285,1192
queue_286,1193
queue_287,1194
queue_288,1195
queue_289,1196
queue_290,1197
queue_291,1198
queue_292,1199
queue_293,1200
queue_294,1201
queue_295,1202
queue_296,1203
queue_297,1204
queue_298,1205
queue_299,1206
queue_300,1207
queue_301,1208
queue_302,1209
queue_303,1210
queue_304,1211
queue_305,1212
queue_306,1213
queue_307,1214
queue_308,1215
queue_309,1216
queue_310,1217
queue_311,1218
queue_312,1219
queue_313,1220
queue_314,1221
queue_315,1222
queue_316,1223
queue_317,1224
queue_318,1225
queue_319,1226
queue_320,1227
queue_321,1228
queue_322,1229
queue_323,1230
queue_324,1231
queue_325,1232
queue_326,1233
queue_327,1234
queue_328,1235
queue_329,1236
queue_330,1237
queue_331,1238
queue_332,1239
queue_333,1240
queue_334,1241
queue_335,1242
queue_336,1243
queue_337,1244
queue_338,1245
queue_339,1246
queue_340,1247
queue_341,1248
queue_342,1249
queue_343,1250
queue_344,1251
queue_345,1252
queue_346,1253
queue_347,1254
queue_348,1255
queue_349,1256
queue_350,1257
queue_351,1258
queue_352,1259
queue_353,1260
queue_354,1261
queue_355,1262
queue_356,1263
queue_357,1264
queue_358,1265
queue_359,1266
queue_360,1267
queue_361,1268
queue_362,1269
queue_363,1270
queue_364,1271
queue_365,1272
queue_366,1273
queue_367,1274
queue_368,1275
queue_369,1276
queue_370,1277
queue_371,1278
queue_372,1279
queue_373,1280
queue_374,1281
queue_375,1282
queue_376,1283
queue_377,1284
queue_378,1285
queue_379,1286
queue_380,1287
queue_381,1288
queue_382,1289
queue_383,1290
queue_384,1291
queue_385,1292
queue_386,1293
queue_387,1294
queue_388,1295
queue_389,1296
queue_390,1297
queue_391,1298
queue_392,1299
queue_393,1300
queue_394,1301
queue_395,1302
queue_396,1303
queue_397,1304
queue_398,1305
queue_399,1306
queue_400,1307
queue_401,1308
queue_402,1309
queue_403,1310
queue_404,1311
queue_405,1312
queue_406,1313
queue_407,1314
queue_408,1315
queue_409,1316
queue_410,1317
queue_411,1318
queue_412,1319
queue_413,1320
queue_414,1321
queue_415,1322
queue_416,1323
queue_417,1324
queue_418,1325
queue_419,1326
queue_420,1327
queue_421,1328
queue_422,1329
queue_423,1330
queue_424,1331
queue_425,1332
queue_426,1333
queue_427,1334
queue_428,1335
queue_429,1336
queue_430,1337
queue_431,1338
queue_432,1339
queue_433,1340
queue_434,1341
queue_435,1342
queue_436,1343
queue_437,1344
queue_438,1345
queue_439,1346
queue_440,1347
queue_441,1348
queue_442,1349
queue_443,1350
queue_444,1351
queue_445,1352
queue_446,1353
queue_447,1354
queue_448,1355
queue_449,1356
queue_450,1357
queue_451,1358
queue_452,1359
queue_453,1360
queue_454,1361
queue_455,1362
queue_456,1363
queue_457,1364
queue_458,1365
queue_459,1366
queue_460,1367
queue_461,1368
queue_462,1369
queue_463,1370
queue_464,1371
queue_465,1372
queue_466,1373
queue_467,1374
queue_468,1375
queue_469,1376
queue_470,1377
queue_471,1378
queue_472,1379
queue_473,1380
queue_474,1381
queue_475,1382
queue_476,1383
queue_477,1384
queue_478,1385
queue_479,1386
queue_480,1387
queue_481,1388
queue_482,1389
queue_483,1390
queue_484,1391
queue_485,1392
queue_486,1393
queue_487,1394
queue_488,1395
queue_489,1396
queue_490,1397
queue_491,1398
queue_492,1399
queue_493,1400
queue_494,1401
queue_495,1402
queue_496,1403
queue_497,1404
queue_498,1405
queue_499,1406
queue_500,1407
queue_501,1408
queue_502,1409
queue_503,1410
queue_504,1411
queue_505,1412
queue_506,1413
queue_507,1414
queue_508,1415
queue_509,1416
queue_510,1417
queue_511,1418
queue_512,1419
queue_513,1420
queue_514,1421
queue_515,1422
queue_516,1423
queue_517,1424
queue_518,1425
queue_519,1426
queue_520,1427
queue_521,1428
queue_522,1429
queue_523,1430
queue_524,1431
queue_525,1432
queue_526,1433
queue_527,1434
queue_528,1435
queue_529,1436
queue_530,1437
queue_531,1438
queue_532,1439
queue_533,1440
queue_534,1441
queue_535,1442
queue_536,1443
queue_537,1444
queue_538,1445
queue_539,1446
queue_540,1447
queue_541,1448
queue_542,1449
queue_543,1450
queue_544,1451
queue_545,1452
queue_546,1453
queue_547,1454
queue_548,1455
queue_549,1456
queue_550,1457
queue_551,1458
queue_552,1459
queue_553,1460
queue_554,1461
queue_555,1462
queue_556,1463
queue_557,1464
queue_558,1465
queue_559,1466
queue_560,1467
queue_561,1468
queue_562,1469
queue_563,1470
queue_564,1471
queue_565,1472
queue_566,1473
queue_567,1474
queue_568,1475
queue_569,1476
queue_570,1477
queue_571,1478
queue_572,1479
queue_573,1480
queue_574,1481
queue_575,1482
queue_576,1483
queue_577,1484
queue_578,1485
queue_579,1486
queue_580,1487
queue_581,1488
queue_582,1489
queue_583,1490
queue_584,1491
queue_585,1492
queue_586,1493
queue_587,1494
queue_588,1495
queue_589,1496
queue_590,1497
queue_591,1498
queue_592,1499
queue_593,1500
queue_594,1501
queue_595,1502
queue_596,1503
queue_597,1504
queue_598,1505
queue_599,1506
queue_600,1507
queue_601,1508
queue_602,1509
queue_603,1510
queue_604,1511
queue_605,1512
queue_606,1513
queue_607,1514
queue_608,1515
queue_609,1516
queue_610,1517
queue_611,1518
queue_612,1519
queue_613,1520
queue_614,1521
queue_615,1522
queue_616,1523
queue_617,1524
queue_618,1525
queue_619,1526
queue_620,1527
queue_621,1528
queue_622,1529
queue_623,1530
queue_624,1531
queue_625,1532
queue_626,1533
queue_627,1534
queue_628,1535
queue_629,1536
queue_630,1537
queue_631,1538
queue_632,1539
queue_633,1540
queue_634,1541
queue_635,1542
queue_636,1543
queue_637,1544
queue_638,1545
queue_639,1546
queue_640,1547
queue_641,1548
queue_642,1549
queue_643,1550
queue_644,1551
queue_645,1552
queue_646,1553
queue_647,1554
queue_648,1555
queue_649,1556
queue_650,1557
queue_651,1558
queue_652,1559
queue_653,1560
queue_654,1561
queue_655,1562
queue_656,1563
queue_657,1564
queue_658,1565
queue_659,1566
queue_660,1567
queue_661,1568
queue_662,1569
queue_663,1570
queue_664,1571
queue_665,1572
queue_666,1573
queue_667,1574
queue_668,1575
queue_669,1576
queue_670,1577
queue_671,1578
queue_672,1579
queue_673,1580
queue_674,1581
queue_675,1582
queue_676,1583
queue_677,1584
queue_678,1585
queue_679,1586
queue_680,1587
queue_681,1588
queue_682,1589
queue_683,1590
queue_684,1591
queue_685,1592
queue_686,1593
queue_687,1594
queue_688,1595
queue_689,1596
queue_690,1597
queue_691,1598
queue_692,1599
queue_693,1600
queue_694,1601
queue_695,1602
queue_696,1603
queue_697,1604
queue_698,1605
queue_699,1606
queue_700,1607
queue_701,1608
queue_702,1609
queue_703,1610
queue_704,1611
queue_705,1612
queue_706,1613
queue_707,1614
queue_708,1615
queue_709,1616
queue_710,1617
queue_711,1618
queue_712,1619
queue_713,1620
queue_714,1621
queue_715,1622
queue_716,1623
queue_717,1624
queue_718,1625
queue_719,1626
queue_720,1627
queue_721,1628
queue_722,1629
queue_723,1630
queue_724,1631
queue_725,1632
queue_726,1633
queue_727,1634
queue_728,1635
queue_729,1636
queue_730,1637
queue_731,1638
queue_732,1639
queue_733,1640
queue_734,1641
queue_735,1642
queue_736,1643
queue_737,1644
queue_738,1645
queue_739,1646
queue_740,1647
queue_741,1648
queue_742,1649
queue_743,1650
queue_744,1651
queue_745,1652
queue_746,1653
queue_747,1654
queue_748,1655
queue_749,1656
queue_750,1657
queue_751,1658
queue_752,1659
queue_753,1660
queue_754,1661
queue_755,1662
queue_756,1663
queue_757,1664
queue_758,1665
queue_759,1666
queue_760,1667
queue_761,1668
queue_762,1669
queue_763,1670
queue_764,1671
queue_765,1672
queue_766,1673
queue_767,1674
queue_768,1675
queue_769,1676
queue_770,1677
queue_771,1678
queue_772,1679
queue_773,1680
queue_774,1681
queue_775,1682
queue_776,1683
queue_777,1684
queue_778,1685
queue_779,1686
queue_780,1687
queue_781,1688
queue_782,1689
queue_783,1690
queue_784,1691
queue_785,1692
queue_786,1693
queue_787,1694
queue_788,1695
queue_789,1696
queue_790,1697
queue_791,1698
queue_792,1699
queue_793,1700
queue_794,1701
queue_795,1702
queue_796,1703
queue_797,1704
queue_798,1705
queue_799,1706
queue_800,1707
queue_801,1708
queue_802,1709
queue_803,1710
queue_804,1711
queue_805,1712
queue_806,1713
queue_807,1714
queue_808,1715
queue_809,1716
queue_810,1717
queue_811,1718
queue_812,1719
queue_813,1720
queue_814,1721
queue_815,1722
queue_816,1723
queue_817,1724
queue_818,1725
queue_819,1726
queue_820,1727
queue_821,1728
queue_822,1729
queue_823,1730
queue_824,1731
queue_825,1732
queue_826,1733
queue_827,1734
queue_828,1735
queue_829,1736
queue_830,1737
queue_831,1738
queue_832,1739
queue_833,1740
queue_834,1741
queue_835,1742
queue_836,1743
queue_837,1744
queue_838,1745
queue_839,1746
queue_840,1747
queue_841,1748
queue_842,1749
queue_843,1750
queue_844,1751
queue_845,1752
queue_846,1753
queue_847,1754
queue_848,1755
queue_849,1756
queue_850,1757
queue_851,1758
queue_852,1759
queue_853,1760
queue_854,1761
queue_855,1762
queue_856,1763
queue_857,1764
queue_858,1765
queue_859,1766
queue_860,1767
queue_861,1768
queue_862,1769
queue_863,1770
queue_864,1771
queue_865,1772
queue_866,1773
queue_867,1774
queue_868,1775
queue_869,1776
queue_870,1777
queue_871,1778
queue_872,1779
queue_873,1780
queue_874,1781
queue_875,1782
queue_876,1783
queue_877,1784
queue_878,1785
queue_879,1786
queue_880,1787
queue_881,1788
queue_882,1789
queue_883,1790
queue_884,1791
queue_885,1792
queue_886,1793
queue_887,1794
queue_888,1795
queue_889,1796
queue_890,1797
queue_891,1798
queue_892,1799
queue_893,1800
queue_894,1801
queue_895,1802
queue_896,1803
queue_897,1804
queue_898,1805
queue_899,1806
queue_900,1807
queue_901,1808
queue_902,1809
queue_903,1810
queue_904,1811
queue_905,1812
queue_906,1813
queue_907,1814
queue_1,1815
queue_2,1816
queue_3,1817
queue_4,1818
queue_5,1819
queue_6,1820
queue_7,1821
queue_8,1822
queue_9,1823
queue_10,1824
queue_11,1825
queue_12,1826
queue_13,1827
queue_14,1828
queue_15,1829
queue_16,1830
queue_17,1831
queue_18,1832
queue_19,1833
queue_20,1834
queue_21,1835
queue_22,1836
queue_23,1837
queue_24,1838
queue_25,1839
queue_26,1840
queue_27,1841
queue_28,1842
queue_29,1843
queue_30,1844
queue_31,1845
queue_32,1846
queue_33,1847
queue_34,1848
queue_35,1849
queue_36,1850
queue_37,1851
queue_38,1852
queue_39,1853
queue_40,1854
queue_41,1855
queue_42,1856
queue_43,1857
queue_44,1858
queue_45,1859
queue_46,1860
queue_47,1861
queue_48,1862
queue_49,1863
queue_50,1864
queue_51,1865
queue_52,1866
queue_53,1867
queue_54,1868
queue_55,1869
queue_56,1870
queue_57,1871
queue_58,1872
queue_59,1873
queue_60,1874
queue_61,1875
queue_62,1876
queue_63,1877
queue_64,1878
queue_65,1879
queue_66,1880
queue_67,1881
queue_68,1882
queue_69,1883
queue_70,1884
queue_71,1885
queue_72,1886
queue_73,1887
queue_74,1888
queue_75,1889
queue_76,1890
queue_77,1891
queue_78,1892
queue_79,1893
queue_80,1894
queue_81,1895
queue_82,1896
queue_83,1897
queue_84,1898
queue_85,1899
queue_86,1900
queue_87,1901
queue_88,1902
queue_89,1903
queue_90,1904
queue_91,1905
queue_92,1906
queue_93,1907
queue_94,1908
queue_95,1909
queue_96,1910
queue_97,1911
queue_98,1912
queue_99,1913
queue_100,1914
queue_101,1915
queue_102,1916
queue_103,1917
queue_104,1918
queue_105,1919
queue_106,1920
queue_107,1921
queue_108,1922
queue_109,1923
queue_110,1924
queue_111,1925
queue_112,1926
queue_113,1927
queue_114,1928
queue_115,1929
queue_116,1930
queue_117,1931
queue_118,1932
queue_119,1933
queue_120,1934
queue_121,1935
queue_122,1936
queue_123,1937
queue_124,1938
queue_125,1939
queue_126,1940
queue_127,1941
queue_128,1942
queue_129,1943
queue_130,1944
queue_131,1945
queue_132,1946
queue_133,1947
queue_134,1948
queue_135,1949
queue_136,1950
queue_137,1951
queue_138,1952
queue_139,1953
queue_140,1954
queue_141,1955
queue_142,1956
queue_143,1957
queue_144,1958
queue_145,1959
queue_146,1960
queue_147,1961
queue_148,1962
queue_149,1963
queue_150,1964
queue_151,1965
queue_152,1966
queue_153,1967
queue_154,1968
queue_155,1969
queue_156,1970
queue_157,1971
queue_158,1972
queue_159,1973
queue_160,1974
queue_161,1975
queue_162,1976
queue_163,1977
queue_164,1978
queue_165,1979
queue_166,1980
queue_167,1981
queue_168,1982
queue_169,1983
queue_170,1984
queue_171,1985
queue_172,1986
queue_173,1987
queue_174,1988
queue_175,1989
queue_176,1990
queue_177,1991
queue_178,1992
queue_179,1993
queue_180,1994
queue_181,1995
queue_182,1996
queue_183,1997
queue_184,1998
queue_185,1999
queue_186,2000
queue_187,2001
queue_188,2002
queue_189,2003
queue_190,2004
queue_191,2005
queue_192,2006
queue_193,2007
queue_194,2008
queue_195,2009
queue_196,2010
queue_197,2011
queue_198,2012
queue_199,2013
queue_200,2014
queue_201,2015
queue_202,2016
queue_203,2017
queue_204,2018
queue_205,2019
queue_206,2020
queue_207,2021
queue_208,2022
queue_209,2023
queue_210,2024
queue_211,2025
queue_212,2026
queue_213,2027
queue_214,2028
queue_215,2029
queue_216,2030
queue_217,2031
queue_218,2032
queue_219,2033
queue_220,2034
queue_221,2035
queue_222,2036
queue_223,2037
queue_224,2038
queue_225,2039
queue_226,2040
queue_227,2041
queue_228,2042
queue_229,2043
queue_230,2044
queue_231,2045
queue_232,2046
queue_233,2047
queue_234,2048
queue_235,2049
queue_236,2050
queue_237,2051
queue_238,2052
queue_239,2053
queue_240,2054
queue_241,2055
queue_242,2056
queue_243,2057
queue_244,2058
queue_245,2059
queue_246,2060
queue_247,2061
queue_248,2062
queue_249,2063
queue_250,2064
queue_251,2065
queue_252,2066
queue_253,2067
queue_254,2068
queue_255,2069
queue_256,2070
queue_257,2071
queue_258,2072
queue_259,2073
queue_260,2074
queue_261,2075
queue_262,2076
queue_263,2077
queue_264,2078
queue_265,2079
queue_266,2080
queue_267,2081
queue_268,2082
queue_269,2083
queue_270,2084
queue_271,2085
queue_272,2086
queue_273,2087
queue_274,2088
queue_275,2089
queue_276,2090
queue_277,2091
queue_278,2092
queue_279,2093
queue_280,2094
queue_281,2095
queue_282,2096
queue_283,2097
queue_284,2098
queue_285,2099
queue_286,2100
queue_287,2101
queue_288,2102
queue_289,2103
queue_290,2104
queue_291,2105
queue_292,2106
queue_293,2107
queue_294,2108
queue_295,2109
queue_296,2110
queue_297,2111
queue_298,2112
queue_299,2113
queue_300,2114
queue_301,2115
queue_302,2116
queue_303,2117
queue_304,2118
queue_305,2119
queue_306,2120
queue_307,2121
queue_308,2122
queue_309,2123
queue_310,2124
queue_311,2125
queue_312,2126
queue_313,2127
queue_314,2128
queue_315,2129
queue_316,2130
queue_317,2131
queue_318,2132
queue_319,2133
queue_320,2134
queue_321,2135
queue_322,2136
queue_323,2137
queue_324,2138
queue_325,2139
queue_326,2140
queue_327,2141
queue_328,2142
queue_329,2143
queue_330,2144
queue_331,2145
queue_332,2146
queue_333,2147
queue_334,2148
queue_335,2149
queue_336,2150
queue_337,2151
queue_338,2152
queue_339,2153
queue_340,2154
queue_341,2155
queue_342,2156
queue_343,2157
queue_344,2158
queue_345,2159
queue_346,2160
queue_347,2161
queue_348,2162
queue_349,2163
queue_350,2164
queue_351,2165
queue_352,2166
queue_353,2167
queue_354,2168
queue_355,2169
queue_356,2170
queue_357,2171
queue_358,2172
queue_359,2173
queue_360,2174
queue_361,2175
queue_362,2176
queue_363,2177
queue_364,2178
queue_365,2179
queue_366,2180
queue_367,2181
queue_368,2182
queue_369,2183
queue_370,2184
queue_371,2185
queue_372,2186
queue_373,2187
queue_374,2188
queue_375,2189
queue_376,2190
queue_377,2191
queue_378,2192
queue_379,2193
queue_380,2194
queue_381,2195
queue_382,2196
queue_383,2197
queue_384,2198
queue_385,2199
queue_386,2200
queue_387,2201
queue_388,2202
queue_389,2203
queue_390,2204
queue_391,2205
queue_392,2206
queue_393,2207
queue_394,2208
queue_395,2209
queue_396,2210
queue_397,2211
queue_398,2212
queue_399,2213
queue_400,2214
queue_401,2215
queue_402,2216
queue_403,2217
queue_404,2218
queue_405,2219
queue_406,2220
queue_407,2221
queue_408,2222
queue_409,2223
queue_410,2224
queue_411,2225
queue_412,2226
queue_413,2227
queue_414,2228
queue_415,2229
queue_416,2230
queue_417,2231
queue_418,2232
queue_419,2233
queue_420,2234
queue_421,2235
queue_422,2236
queue_423,2237
queue_424,2238
queue_425,2239
queue_426,2240
queue_427,2241
queue_428,2242
queue_429,2243
queue_430,2244
queue_431,2245
queue_432,2246
queue_433,2247
queue_434,2248
queue_435,2249
queue_436,2250
queue_437,2251
queue_438,2252
queue_439,2253
queue_440,2254
queue_441,2255
queue_442,2256
queue_443,2257
queue_444,2258
queue_445,2259
queue_446,2260
queue_447,2261
queue_448,2262
queue_449,2263
queue_450,2264
queue_451,2265
queue_452,2266
queue_453,2267
queue_454,2268
queue_455,2269
queue_456,2270
queue_457,2271
queue_458,2272
queue_459,2273
queue_460,2274
queue_461,2275
queue_462,2276
queue_463,2277
queue_464,2278
queue_465,2279
queue_466,2280
queue_467,2281
queue_468,2282
queue_469,2283
queue_470,2284
queue_471,2285
queue_472,2286
queue_473,2287
queue_474,2288
queue_475,2289
queue_476,2290
queue_477,2291
queue_478,2292
queue_479,2293
queue_480,2294
queue_481,2295
queue_482,2296
queue_483,2297
queue_484,2298
queue_485,2299
queue_486,2300
queue_487,2301
queue_488,2302
queue_489,2303
queue_490,2304
queue_491,2305
queue_492,2306
queue_493,2307
queue_494,2308
queue_495,2309
queue_496,2310
queue_497,2311
queue_498,2312
queue_499,2313
queue_500,2314
queue_501,2315
queue_502,2316
queue_503,2317
queue_504,2318
queue_505,2319
queue_506,2320
queue_507,2321
queue_508,2322
queue_509,2323
queue_510,2324
queue_511,2325
queue_512,2326
queue_513,2327
queue_514,2328
queue_515,2329
queue_516,2330
queue_517,2331
queue_518,2332
queue_519,2333
queue_520,2334
queue_521,2335
queue_522,2336
queue_523,2337
queue_524,2338
queue_525,2339
queue_526,2340
queue_527,2341
queue_528,2342
queue_529,2343
queue_530,2344
queue_531,2345
queue_532,2346
queue_533,2347
queue_534,2348
queue_535,2349
queue_536,2350
queue_537,2351
queue_538,2352
queue_539,2353
queue_540,2354
queue_541,2355
queue_542,2356
queue_543,2357
queue_544,2358
queue_545,2359
queue_546,2360
queue_547,2361
queue_548,2362
queue_549,2363
queue_550,2364
queue_551,2365
queue_552,2366
queue_553,2367
queue_554,2368
queue_555,2369
queue_556,2370
queue_557,2371
queue_558,2372
queue_559,2373
queue_560,2374
queue_561,2375
queue_562,2376
queue_563,2377
queue_564,2378
queue_565,2379
queue_566,2380
queue_567,2381
queue_568,2382
queue_569,2383
queue_570,2384
queue_571,2385
queue_572,2386
queue_573,2387
queue_574,2388
queue_575,2389
queue_576,2390
queue_577,2391
queue_578,2392
queue_579,2393
queue_580,2394
queue_581,2395
queue_582,2396
queue_583,2397
queue_584,2398
queue_585,2399
queue_586,2400
queue_587,2401
queue_588,2402
queue_589,2403
queue_590,2404
queue_591,2405
queue_592,2406
queue_593,2407
queue_594,2408
queue_595,2409
queue_596,2410
queue_597,2411
queue_598,2412
queue_599,2413
queue_600,2414
queue_601,2415
queue_602,2416
queue_603,2417
queue_604,2418
queue_605,2419
queue_606,2420
queue_607,2421
queue_608,2422
queue_609,2423
queue_610,2424
queue_611,2425
queue_612,2426
queue_613,2427
queue_614,2428
queue_615,2429
queue_616,2430
queue_617,2431
queue_618,2432
queue_619,2433
queue_620,2434
queue_621,2435
queue_622,2436
queue_623,2437
queue_624,2438
queue_625,2439
queue_626,2440
queue_627,2441
queue_628,2442
queue_629,2443
queue_630,2444
queue_631,2445
queue_632,2446
queue_633,2447
queue_634,2448
queue_635,2449
queue_636,2450
queue_637,2451
queue_638,2452
queue_639,2453
queue_640,2454
queue_641,2455
queue_642,2456
queue_643,2457
queue_644,2458
queue_645,2459
queue_646,2460
queue_647,2461
queue_648,2462
queue_649,2463
queue_650,2464
queue_651,2465
queue_652,2466
queue_653,2467
queue_654,2468
queue_655,2469
queue_656,2470
queue_657,2471
queue_658,2472
queue_659,2473
queue_660,2474
queue_661,2475
queue_662,2476
queue_663,2477
queue_664,2478
queue_665,2479
queue_666,2480
queue_667,2481
queue_668,2482
queue_669,2483
queue_670,2484
queue_671,2485
queue_672,2486
queue_673,2487
queue_674,2488
queue_675,2489
queue_676,2490
queue_677,2491
queue_678,2492
queue_679,2493
queue_680,2494
queue_681,2495
queue_682,2496
queue_683,2497
queue_684,2498
queue_685,2499
queue_686,2500
queue_687,2501
queue_688,2502
queue_689,2503
queue_690,2504
queue_691,2505
queue_692,2506
queue_693,2507
queue_694,2508
queue_695,2509
queue_696,2510
queue_697,2511
queue_698,2512
queue_699,2513
queue_700,2514
queue_701,2515
queue_702,2516
queue_703,2517
queue_704,2518
queue_705,2519
queue_706,2520
queue_707,2521
queue_708,2522
queue_709,2523
queue_710,2524
queue_711,2525
queue_712,2526
queue_713,2527
queue_714,2528
queue_715,2529
queue_716,2530
queue_717,2531
queue_718,2532
queue_719,2533
queue_720,2534
queue_721,2535
queue_722,2536
queue_723,2537
queue_724,2538
queue_725,2539
queue_726,2540
queue_727,2541
queue_728,2542
queue_729,2543
queue_730,2544
queue_731,2545
queue_732,2546
queue_733,2547
queue_734,2548
queue_735,2549
queue_736,2550
queue_737,2551
queue_738,2552
queue_739,2553
queue_740,2554
queue_741,2555
queue_742,2556
queue_743,2557
queue_744,2558
queue_745,2559
queue_746,2560
queue_747,2561
queue_748,2562
queue_749,2563
queue_750,2564
queue_751,2565
queue_752,2566
queue_753,2567
queue_754,2568
queue_755,2569
queue_756,2570
queue_757,2571
queue_758,2572
queue_759,2573
queue_760,2574
queue_761,2575
queue_762,2576
queue_763,2577
queue_764,2578
queue_765,2579
queue_766,2580
queue_767,2581
queue_768,2582
queue_769,2583
queue_770,2584
queue_771,2585
queue_772,2586
queue_773,2587
queue_774,2588
queue_775,2589
queue_776,2590
queue_777,2591
queue_778,2592
queue_779,2593
queue_780,2594
queue_781,2595
queue_782,2596
queue_783,2597
queue_784,2598
queue_785,2599
queue_786,2600
queue_787,2601
queue_788,2602
queue_789,2603
queue_790,2604
queue_791,2605
queue_792,2606
queue_793,2607
queue_794,2608
queue_795,2609
queue_796,2610
queue_797,2611
queue_798,2612
queue_799,2613
queue_800,2614
queue_801,2615
queue_802,2616
queue_803,2617
queue_804,2618
queue_805,2619
queue_806,2620
queue_807,2621
queue_808,2622
queue_809,2623
queue_810,2624
queue_811,2625
queue_812,2626
queue_813,2627
queue_814,2628
queue_815,2629
queue_816,2630
queue_817,2631
queue_818,2632
queue_819,2633
queue_820,2634
queue_821,2635
queue_822,2636
queue_823,2637
queue_824,2638
queue_825,2639
queue_826,2640
queue_827,2641
queue_828,2642
queue_829,2643
queue_830,2644
queue_831,2645
queue_832,2646
queue_833,2647
queue_834,2648
queue_835,2649
queue_836,2650
queue_837,2651
queue_838,2652
queue_839,2653
queue_840,2654
queue_841,2655
queue_842,2656
queue_843,2657
queue_844,2658
queue_845,2659
queue_846,2660
queue_847,2661
queue_848,2662
queue_849,2663
queue_850,2664
queue_851,2665
queue_852,2666
queue_853,2667
queue_854,2668
queue_855,2669
queue_856,2670
queue_857,2671
queue_858,2672
queue_859,2673
queue_860,2674
queue_861,2675
queue_862,2676
queue_863,2677
queue_864,2678
queue_865,2679
queue_866,2680
queue_867,2681
queue_868,2682
queue_869,2683
queue_870,2684
queue_871,2685
queue_872,2686
queue_873,2687
queue_874,2688
queue_875,2689
queue_876,2690
queue_877,2691
queue_878,2692
queue_879,2693
queue_880,2694
queue_881,2695
queue_882,2696
queue_883,2697
queue_884,2698
queue_885,2699
queue_886,2700
queue_887,2701
queue_888,2702
queue_889,2703
queue_890,2704
queue_891,2705
queue_892,2706
queue_893,2707
queue_894,2708
queue_895,2709
queue_896,2710
queue_897,2711
queue_898,2712
queue_899,2713
queue_900,2714
queue_901,2715
queue_902,2716
queue_903,2717
queue_904,2718
queue_905,2719
queue_906,2720
queue_907,2721
queue_1,2722
queue_2,2723
queue_3,2724
queue_4,2725
queue_5,2726
queue_6,2727
queue_7,2728
queue_8,2729
queue_9,2730
queue_10,2731
queue_11,2732
queue_12,2733
queue_13,2734
queue_14,2735
queue_15,2736
queue_16,2737
queue_17,2738
queue_18,2739
queue_19,2740
queue_20,2741
queue_21,2742
queue_22,2743
queue_23,2744
queue_24,2745
queue_25,2746
queue_26,2747
queue_27,2748
queue_28,2749
queue_29,2750
queue_30,2751
queue_31,2752
queue_32,2753
queue_33,2754
queue_34,2755
queue_35,2756
queue_36,2757
queue_37,2758
queue_38,2759
queue_39,2760
queue_40,2761
queue_41,2762
queue_42,2763
queue_43,2764
queue_44,2765
queue_45,2766
queue_46,2767
queue_47,2768
queue_48,2769
queue_49,2770
queue_50,2771
queue_51,2772
queue_52,2773
queue_53,2774
queue_54,2775
queue_55,2776
queue_56,2777
queue_57,2778
queue_58,2779
queue_59,2780
queue_60,2781
queue_61,2782
queue_62,2783
queue_63,2784
queue_64,2785
queue_65,2786
queue_66,2787
queue_67,2788
queue_68,2789
queue_69,2790
queue_70,2791
queue_71,2792
queue_72,2793
queue_73,2794
queue_74,2795
queue_75,2796
queue_76,2797
queue_77,2798
queue_78,2799
queue_79,2800
queue_80,2801
queue_81,2802
queue_82,2803
queue_83,2804
queue_84,2805
queue_85,2806
queue_86,2807
queue_87,2808
queue_88,2809
queue_89,2810
queue_90,2811
queue_91,2812
queue_92,2813
queue_93,2814
queue_94,2815
queue_95,2816
queue_96,2817
queue_97,2818
queue_98,2819
queue_99,2820
queue_100,2821
queue_101,2822
queue_102,2823
queue_103,2824
queue_104,2825
queue_105,2826
queue_106,2827
queue_107,2828
queue_108,2829
queue_109,2830
queue_110,2831
queue_111,2832
queue_112,2833
queue_113,2834
queue_114,2835
queue_115,2836
queue_116,2837
queue_117,2838
queue_118,2839
queue_119,2840
queue_120,2841
queue_121,2842
queue_122,2843
queue_123,2844
queue_124,2845
queue_125,2846
queue_126,2847
queue_127,2848
queue_128,2849
queue_129,2850
queue_130,2851
queue_131,2852
queue_132,2853
queue_133,2854
queue_134,2855
queue_135,2856
queue_136,2857
queue_137,2858
queue_138,2859
queue_139,2860
queue_140,2861
queue_141,2862
queue_142,2863
queue_143,2864
queue_144,2865
queue_145,2866
queue_146,2867
queue_147,2868
queue_148,2869
queue_149,2870
queue_150,2871
queue_151,2872
queue_152,2873
queue_153,2874
queue_154,2875
queue_155,2876
queue_156,2877
queue_157,2878
queue_158,2879
queue_159,2880
queue_160,2881
queue_161,2882
queue_162,2883
queue_163,2884
queue_164,2885
queue_165,2886
queue_166,2887
queue_167,2888
queue_168,2889
queue_169,2890
queue_170,2891
queue_171,2892
queue_172,2893
queue_173,2894
queue_174,2895
queue_175,2896
queue_176,2897
queue_177,2898
queue_178,2899
queue_179,2900
queue_180,2901
queue_181,2902
queue_182,2903
queue_183,2904
queue_184,2905
queue_185,2906
queue_186,2907
queue_187,2908
queue_188,2909
queue_189,2910
queue_190,2911
queue_191,2912
queue_192,2913
queue_193,2914
queue_194,2915
queue_195,2916
queue_196,2917
queue_197,2918
queue_198,2919
queue_199,2920
queue_200,2921
queue_201,2922
queue_202,2923
queue_203,2924
queue_204,2925
queue_205,2926
queue_206,2927
queue_207,2928
queue_208,2929
queue_209,2930
queue_210,2931
queue_211,2932
queue_212,2933
queue_213,2934
queue_214,2935
queue_215,2936
queue_216,2937
queue_217,2938
queue_218,2939
queue_219,2940
queue_220,2941
queue_221,2942
queue_222,2943
queue_223,2944
queue_224,2945
queue_225,2946
queue_226,2947
queue_227,2948
queue_228,2949
queue_229,2950
queue_230,2951
queue_231,2952
queue_232,2953
queue_233,2954
queue_234,2955
queue_235,2956
queue_236,2957
queue_237,2958
queue_238,2959
queue_239,2960
queue_240,2961
queue_241,2962
queue_242,2963
queue_243,2964
queue_244,2965
queue_245,2966
queue_246,2967
queue_247,2968
queue_248,2969
queue_249,2970
queue_250,2971
queue_251,2972
queue_252,2973
queue_253,2974
queue_254,2975
queue_255,2976
queue_256,2977
queue_257,2978
queue_258,2979
queue_259,2980
queue_260,2981
queue_261,2982
queue_262,2983
queue_263,2984
queue_264,2985
queue_265,2986
queue_266,2987
queue_267,2988
queue_268,2989
queue_269,2990
queue_270,2991
queue_271,2992
queue_272,2993
queue_273,2994
queue_274,2995
queue_275,2996
queue_276,2997
queue_277,2998
queue_278,2999
queue_279,3000
queue_280,3001
queue_281,3002
queue_282,3003
queue_283,3004
queue_284,3005
queue_285,3006
queue_286,3007
queue_287,3008
queue_288,3009
queue_289,3010
queue_290,3011
queue_291,3012
queue_292,3013
queue_293,3014
queue_294,3015
queue_295,3016
queue_296,3017
queue_297,3018
queue_298,3019
queue_299,3020
queue_300,3021
queue_301,3022
queue_302,3023
queue_303,3024
queue_304,3025
queue_305,3026
queue_306,3027
queue_307,3028
queue_308,3029
queue_309,3030
queue_310,3031
queue_311,3032
queue_312,3033
queue_313,3034
queue_314,3035
queue_315,3036
queue_316,3037
queue_317,3038
